word,embeddings
the,"[-0.1301133632659912, 0.11660371720790863, 0.16975678503513336, -0.027505602687597275, 0.11933200061321259, -0.1491280049085617, 0.14074395596981049, 0.5861175656318665, -0.31187689304351807, -0.1459171175956726, -0.0609731450676918, -0.33980873227119446, -0.07136408239603043, 0.020734503865242004, 0.15633466839790344, -0.12611408531665802, 0.03250234201550484, -0.16866742074489594, -0.08492124825716019, -0.3324279487133026, 0.14251840114593506, -0.13754487037658691, 0.35270044207572937, 0.03727410361170769, -0.03805283084511757, -0.08462440967559814, -0.2810228765010834, -0.12990480661392212, -0.17807969450950623, -0.0490192286670208, 0.32342228293418884, -0.27964890003204346, 0.1294662058353424, -0.15652823448181152, 0.07814686000347137, 0.2500110864639282, 0.02170111984014511, 0.03946918249130249, -0.11600127071142197, -0.1311122328042984, 0.14958339929580688, -0.18954715132713318, -0.262015700340271, -0.0442335344851017, -0.09858400374650955, -0.07000984251499176, -0.21476227045059204, 0.003301145974546671, 0.21543161571025848, 0.36748626828193665, 0.20428384840488434, -0.2712917625904083, -0.02466404251754284, 0.1795894205570221, -0.0425381176173687, 0.08616860210895538, 0.21385858952999115, 0.013760262168943882, -0.17310209572315216, 0.1251242607831955, 0.024157077074050903, 0.012184754945337772, 0.050113581120967865, -0.013173909857869148, -0.08866582065820694, 0.1828124225139618, 0.12367326021194458, 0.1662733107805252, -0.2190936654806137, 0.3090834617614746, -0.11179189383983612, 0.2200813889503479, 0.12382407486438751, -0.12215463817119598, 0.16991989314556122, -0.10185105353593826, -0.02530551701784134, 0.15009433031082153, -0.1344282478094101, 0.0890929326415062, -0.13330262899398804, -0.14241881668567657, -0.21878977119922638, 0.17520537972450256, -0.1028510257601738, -0.04730098322033882, -0.01702454499900341, 0.08743181079626083, 0.12798310816287994, 0.05379233509302139, 0.3114069402217865, -0.1275486946105957, -0.07445298135280609, 0.0940680056810379, 0.37165266275405884, 0.14356976747512817, 0.04612942412495613, -0.04219039902091026, -0.0854511633515358, -0.15131963789463043]"
.,"[-0.06972580403089523, 0.07507974654436111, 0.1407463401556015, -0.0030747095588594675, 0.06275400519371033, -0.12585321068763733, 0.13075515627861023, 0.5027925372123718, -0.2988712787628174, -0.12658385932445526, -0.06021177023649216, -0.304258793592453, -0.036438483744859695, 0.0413416251540184, 0.111568883061409, -0.13551920652389526, 0.026220306754112244, -0.1356993168592453, -0.04238307848572731, -0.3073730766773224, 0.12501002848148346, -0.08898863196372986, 0.28971317410469055, 0.09237653017044067, -0.018817566335201263, -0.07178211957216263, -0.2586972713470459, -0.09912532567977905, -0.18770170211791992, -0.04974111542105675, 0.2769237756729126, -0.23111383616924286, 0.16948679089546204, -0.141638845205307, 0.07789506018161774, 0.24091818928718567, -0.003139240900054574, -0.016801482066512108, -0.17362675070762634, -0.20120593905448914, 0.08095984905958176, -0.17864251136779785, -0.19714026153087616, -0.00816971156746149, -0.07238544523715973, -0.09302902966737747, -0.23559825122356415, -0.006342198699712753, 0.17995907366275787, 0.2907974421977997, 0.14197248220443726, -0.2447967231273651, -0.013190477155148983, 0.11761017143726349, -0.047576308250427246, 0.05744006112217903, 0.12165243923664093, -0.021112211048603058, -0.1643361747264862, 0.049488525837659836, 0.06039697304368019, 0.014817390590906143, 0.039930298924446106, -0.010910010896623135, -0.12931928038597107, 0.18316467106342316, 0.11736401915550232, 0.20628105103969574, -0.22286231815814972, 0.29337990283966064, -0.08436096459627151, 0.23544427752494812, 0.1327945590019226, -0.08326327055692673, 0.20520345866680145, -0.00936828088015318, -0.014357036910951138, 0.1385030448436737, -0.14678966999053955, 0.107051782310009, -0.07811611890792847, -0.15812598168849945, -0.21383050084114075, 0.18891151249408722, -0.09661269932985306, -0.04021347686648369, -0.012658672407269478, 0.07137620449066162, 0.08278526365756989, 0.10965944081544876, 0.3213733732700348, -0.10904546827077866, -0.05645507574081421, 0.1452874094247818, 0.3612949848175049, 0.12661737203598022, 0.026163741946220398, -0.012207365594804287, -0.06200791150331497, -0.1622725874185562]"
to,"[0.0755564272403717, -0.014600292779505253, 0.08172180503606796, 0.1144980862736702, 0.05193537101149559, -0.12521281838417053, 0.10396923124790192, 0.49214717745780945, -0.3308848440647125, -0.11965516954660416, -0.02574862912297249, -0.24500901997089386, 0.05069925636053085, 0.13916988670825958, 0.048011746257543564, -0.12218788266181946, 0.0642051249742508, -0.11442545056343079, -0.00892298761755228, -0.37955644726753235, 0.10256607085466385, 0.020680759102106094, 0.3367612957954407, 0.031086420640349388, 0.07132602483034134, -0.003463057102635503, -0.259883850812912, -0.15453489124774933, -0.22328975796699524, 0.059012677520513535, 0.22901612520217896, -0.19100722670555115, 0.24770228564739227, -0.16367709636688232, -0.013852124102413654, 0.3335488438606262, -0.10607443004846573, -0.09126222133636475, -0.2684246897697449, -0.29856589436531067, 0.0009633115259930491, -0.169666588306427, -0.13645122945308685, -0.08529099076986313, -0.03188827633857727, -0.11104770004749298, -0.23322854936122894, -0.09121840447187424, 0.10401472449302673, 0.19785605370998383, 0.12793855369091034, -0.2309260070323944, -0.11047672480344772, 0.13624142110347748, -0.09278521686792374, -0.03832363709807396, 0.0979665145277977, -0.059585388749837875, -0.1749029904603958, 0.002464268822222948, 0.14201472699642181, 0.015995191410183907, 0.09297052025794983, 0.002303740940988064, -0.19967636466026306, 0.2757149040699005, 0.09373065084218979, 0.2146444320678711, -0.31273356080055237, 0.3302563428878784, -0.020573437213897705, 0.2117159217596054, 0.13887251913547516, 0.04424702376127243, 0.2535344362258911, 0.03294369950890541, -0.09541823714971542, 0.11131785064935684, -0.18948392570018768, 0.167227640748024, -0.03127390891313553, -0.15491119027137756, -0.276648610830307, 0.16940121352672577, -0.1160229966044426, -0.07066687196493149, 0.07372528314590454, 0.06543390452861786, 0.11448930203914642, 0.16561461985111237, 0.37414875626564026, -0.052332185208797455, -0.008533844724297523, 0.2519296407699585, 0.34873121976852417, 0.11975573748350143, -0.0022862532641738653, 0.01853022165596485, -0.13367681205272675, -0.19641615450382233]"
a,"[-0.034716058522462845, 0.08612929284572601, 0.14377214014530182, 0.08675829321146011, 0.026358913630247116, -0.15278197824954987, 0.14756858348846436, 0.45962104201316833, -0.3216521143913269, -0.11287941038608551, -0.041530754417181015, -0.3026774823665619, 0.015268589369952679, 0.085459865629673, 0.10659793764352798, -0.12632976472377777, 0.0016512629808858037, -0.12381253391504288, -0.07072628289461136, -0.311066210269928, 0.1303592175245285, -0.041446391493082047, 0.2911754548549652, 0.05149191990494728, 0.028786057606339455, -0.01105502899736166, -0.2702621817588806, -0.16306476294994354, -0.16075611114501953, -0.03184448927640915, 0.27555209398269653, -0.2163296937942505, 0.19439628720283508, -0.09883297234773636, 0.08891013264656067, 0.2813800275325775, -0.05463339760899544, -0.04026814550161362, -0.18227486312389374, -0.259579598903656, 0.023941999301314354, -0.15613411366939545, -0.16334697604179382, -0.03046700730919838, -0.08459186553955078, -0.11836516857147217, -0.23015347123146057, -0.0271608866751194, 0.13727298378944397, 0.2990313172340393, 0.13532301783561707, -0.2509661316871643, -0.06583130359649658, 0.13125617802143097, -0.03001353144645691, 0.0476522222161293, 0.10318280011415482, -0.014061320573091507, -0.1386195421218872, 0.026081763207912445, 0.06954485177993774, 0.01021815836429596, 0.04429180920124054, -0.024785060435533524, -0.20635786652565002, 0.18757548928260803, 0.08783961832523346, 0.22112686932086945, -0.25315338373184204, 0.2919082045555115, -0.07911518961191177, 0.2233767807483673, 0.16397824883460999, -0.04686913639307022, 0.1926451474428177, 0.03098929114639759, -0.10444632172584534, 0.09289909899234772, -0.22518716752529144, 0.16527828574180603, -0.025111759081482887, -0.1292092353105545, -0.20415234565734863, 0.16904404759407043, -0.07758212834596634, -0.038453396409749985, 0.016512583941221237, 0.038930170238018036, 0.07512901723384857, 0.14954118430614471, 0.3279217481613159, -0.1020955890417099, -0.05386824160814285, 0.1897435188293457, 0.37674105167388916, 0.14156650006771088, 0.006259243935346603, 0.00893548596650362, -0.04971768707036972, -0.17518498003482819]"
of,"[-0.08595574647188187, 0.009396165609359741, 0.12517665326595306, -0.016666758805513382, 0.03350816294550896, -0.13426363468170166, 0.06674138456583023, 0.38929057121276855, -0.2801104485988617, -0.14334607124328613, -0.06286469101905823, -0.3038380742073059, -0.08838497847318649, 0.09788092970848083, 0.09969541430473328, -0.09757617115974426, -0.010160057805478573, -0.1614316701889038, 0.03659643232822418, -0.207368865609169, 0.09486841410398483, -0.12728890776634216, 0.19711346924304962, 0.08266584575176239, 0.049652330577373505, -0.0948576107621193, -0.3129372000694275, -0.19009390473365784, -0.11759977787733078, -0.06592895835638046, 0.30974507331848145, -0.2020106464624405, 0.08329989016056061, -0.02947661094367504, 0.13523945212364197, 0.22298972308635712, -0.06710565090179443, -0.08462713658809662, -0.14227545261383057, -0.25247082114219666, 0.026637354865670204, -0.16410896182060242, -0.16086523234844208, -0.0072823334485292435, -0.0816267654299736, -0.03102525882422924, -0.31930598616600037, 0.014679827727377415, 0.15186427533626556, 0.35372522473335266, 0.17669573426246643, -0.26397252082824707, 0.020343998447060585, 0.16113074123859406, -0.020488819107413292, 0.06350317597389221, 0.13273054361343384, -0.004962662234902382, -0.1811254769563675, 0.04021226242184639, 0.0037385127507150173, 0.03682703152298927, -0.03640195354819298, -0.06508766859769821, -0.22217155992984772, 0.09312668442726135, 0.10584254562854767, 0.15122835338115692, -0.16098107397556305, 0.2653338611125946, -0.14118917286396027, 0.20892541110515594, 0.11866254359483719, -0.1844402551651001, 0.23528137803077698, -0.057248685508966446, -0.047019004821777344, 0.08583522588014603, -0.17358610033988953, 0.14227260649204254, 0.030143439769744873, -0.16307884454727173, -0.21898308396339417, 0.19336363673210144, -0.06379904597997665, -0.06528135389089584, -0.16903428733348846, 0.10291308909654617, 0.042814865708351135, 0.1372314989566803, 0.3191710114479065, -0.09088287502527237, -0.10626023262739182, 0.23571574687957764, 0.40974920988082886, 0.13769952952861786, -0.0100563308224082, -0.0487637035548687, 0.021524973213672638, -0.17438921332359314]"
in,"[-0.022351128980517387, 0.01773611269891262, 0.1518099159002304, 0.021055463701486588, 0.07503074407577515, -0.14470383524894714, 0.1153302863240242, 0.48490652441978455, -0.32746946811676025, -0.12830688059329987, -0.06240012124180794, -0.31200936436653137, -0.047728538513183594, 0.10061059892177582, 0.09886684268712997, -0.11935532838106155, -0.012951764278113842, -0.15563783049583435, -0.05252033472061157, -0.31957340240478516, 0.1308647096157074, -0.06510511785745621, 0.2864334285259247, 0.06679152697324753, -0.008908207528293133, -0.05402253568172455, -0.2865024209022522, -0.19650034606456757, -0.17009630799293518, -0.0490495003759861, 0.28363388776779175, -0.22564473748207092, 0.13507333397865295, -0.12826578319072723, 0.07877543568611145, 0.28104978799819946, -0.017154475674033165, -0.007947205565869808, -0.196745365858078, -0.23099131882190704, 0.04783148318529129, -0.19293461740016937, -0.20413526892662048, -0.0024874284863471985, -0.05991090089082718, -0.03506971895694733, -0.2891296148300171, -0.002561187604442239, 0.15629929304122925, 0.33455225825309753, 0.16438309848308563, -0.24235068261623383, -0.004087958484888077, 0.16657647490501404, -0.04249456152319908, 0.04303671419620514, 0.1532234251499176, -0.02587343193590641, -0.17667502164840698, 0.061605263501405716, 0.06131632998585701, 0.015784233808517456, 0.07282627373933792, -0.03485266491770744, -0.15738548338413239, 0.1582130640745163, 0.0558491051197052, 0.21602396667003632, -0.21508115530014038, 0.296668142080307, -0.08148625493049622, 0.22633150219917297, 0.10586652159690857, -0.09529999643564224, 0.20879021286964417, -0.05663736164569855, -0.05622349679470062, 0.1359284520149231, -0.167024627327919, 0.0866653323173523, -0.030836431309580803, -0.17061695456504822, -0.23499079048633575, 0.11796276271343231, -0.1200813353061676, -0.05280628427863121, -0.07432550936937332, 0.07450801879167557, 0.09022186696529388, 0.1252126842737198, 0.3468935787677765, -0.09739666432142258, -0.06331717222929001, 0.22248902916908264, 0.3763341009616852, 0.13901621103286743, -0.013011420145630836, -0.02403024397790432, -0.083510622382164, -0.19287174940109253]"
was,"[0.15019844472408295, -0.029087480157613754, 0.09746558219194412, 0.1682945340871811, 0.08347645401954651, -0.15315991640090942, 0.12523126602172852, 0.5594986081123352, -0.40619996190071106, -0.13911843299865723, 0.029818585142493248, -0.285410076379776, 0.08890631049871445, 0.22910240292549133, 0.13297630846500397, -0.1996542364358902, -0.029550984501838684, -0.11600290983915329, -0.0775219276547432, -0.3464333713054657, 0.08626905828714371, -0.08166005462408066, 0.3200749456882477, -0.00891184713691473, 0.04604937508702278, -0.024246297776699066, -0.4558788537979126, -0.28592294454574585, -0.12112634629011154, -0.037414420396089554, 0.3557273745536804, -0.2143276035785675, 0.17549657821655273, -0.18370643258094788, 0.04182323068380356, 0.43693307042121887, -0.04802809655666351, 0.10977206379175186, -0.22460566461086273, -0.22356489300727844, -0.02914608269929886, -0.18870849907398224, -0.17827317118644714, -0.035579994320869446, -0.14919699728488922, 0.03665437921881676, -0.22552931308746338, -0.03342008590698242, 0.13396534323692322, 0.29536548256874084, 0.25194939970970154, -0.12886345386505127, -0.07799352705478668, 0.2907375395298004, -0.0885998085141182, -0.035539768636226654, 0.2199426144361496, 0.008168915286660194, -0.13216859102249146, 0.0671524927020073, 0.13042175769805908, 0.08519574999809265, 0.21815671026706696, -0.07711907476186752, -0.18453314900398254, 0.08952758461236954, 0.040310680866241455, 0.23195242881774902, -0.2996998727321625, 0.3293583393096924, -0.00026860725483857095, 0.1987953782081604, 0.08895731717348099, 0.09596419334411621, 0.23254922032356262, -0.03357110917568207, -0.2720772325992584, 0.24183571338653564, -0.2547856569290161, 0.09054628759622574, -0.07981164753437042, -0.18090274930000305, -0.21502530574798584, 0.0017618582351133227, -0.14020495116710663, -0.0490751750767231, -0.030657276511192322, 0.07052447646856308, 0.12912441790103912, 0.22133632004261017, 0.44683414697647095, -0.11282617598772049, -0.062310799956321716, 0.3636198043823242, 0.4255565106868744, 0.07268326729536057, -0.08635705709457397, 0.0273230392485857, -0.17423389852046967, -0.3226788341999054]"
is,"[0.031085288152098656, 0.09727480262517929, 0.0874369665980339, 0.03356381133198738, 0.044308800250291824, -0.12675324082374573, 0.12745301425457, 0.5500659942626953, -0.2709701657295227, -0.14686040580272675, -0.08589581400156021, -0.2922501564025879, 0.024364307522773743, 0.0010217300150543451, 0.10596215724945068, -0.06772924959659576, 0.14182481169700623, -0.0917222872376442, 0.020668914541602135, -0.3552076816558838, 0.18418236076831818, 0.05599043145775795, 0.33955955505371094, 0.06810566037893295, 0.040722038596868515, 0.00440095504745841, -0.18696773052215576, 0.015065634623169899, -0.28919103741645813, 0.06260956823825836, 0.2036336213350296, -0.2981484532356262, 0.3154718279838562, -0.19167864322662354, 0.019923409447073936, 0.21468353271484375, -0.04759629815816879, -0.10062842816114426, -0.26278817653656006, -0.19581522047519684, -0.008033009245991707, -0.1078248918056488, -0.1443043202161789, -0.11129075288772583, -0.019506243988871574, -0.23621462285518646, -0.2339046597480774, -0.07496421039104462, 0.1899881511926651, 0.21737638115882874, 0.017881225794553757, -0.2960871756076813, -0.11249390989542007, -0.018194302916526794, 0.006858272012323141, 0.05654081702232361, 0.012515109963715076, -0.04167144000530243, -0.13014011085033417, 0.023044833913445473, 0.11295147240161896, -0.026636740192770958, 0.018333321437239647, 0.08393585681915283, -0.17113430798053741, 0.3860473036766052, 0.11773336678743362, 0.23167124390602112, -0.2731412351131439, 0.3109256625175476, -0.017367221415042877, 0.1973283588886261, 0.21508081257343292, -0.057609204202890396, 0.24604201316833496, 0.039652686566114426, 0.08336383104324341, 0.020177818834781647, -0.14581231772899628, 0.2192785143852234, -0.10996885597705841, -0.12962640821933746, -0.32807639241218567, 0.3422992527484894, -0.10789762437343597, -0.05297595635056496, 0.13049735128879547, 0.0869164988398552, 0.14566531777381897, 0.07465343177318573, 0.3640363812446594, -0.04534577578306198, -0.02719571441411972, 0.15002956986427307, 0.30586960911750793, 0.14784571528434753, 0.04493827745318413, 0.05097537487745285, -0.12409301847219467, -0.14693492650985718]"
an,"[-0.011289126239717007, 0.06586052477359772, 0.13304536044597626, 0.05226154625415802, 0.020484520122408867, -0.15704603493213654, 0.10601484775543213, 0.48492562770843506, -0.3030625283718109, -0.13307011127471924, -0.06550177186727524, -0.3280145823955536, -0.0007623843266628683, 0.06559722125530243, 0.08977089077234268, -0.11220968514680862, 0.07031488418579102, -0.11165400594472885, -0.040948446840047836, -0.33831503987312317, 0.123977430164814, -0.04574526473879814, 0.2889699339866638, 0.08551769703626633, 0.022519417107105255, -0.01597430929541588, -0.2307962030172348, -0.08392851054668427, -0.2005377560853958, 0.024110808968544006, 0.21617135405540466, -0.2111487239599228, 0.215622678399086, -0.1575489342212677, 0.039680033922195435, 0.2193424552679062, -0.02694578282535076, -0.10111828148365021, -0.2170695960521698, -0.2239999622106552, 0.01424396876245737, -0.16314485669136047, -0.16069799661636353, -0.06539088487625122, -0.04696130380034447, -0.17234240472316742, -0.23993004858493805, -0.0665963664650917, 0.17523592710494995, 0.2732079327106476, 0.08460919559001923, -0.27234959602355957, -0.05219043418765068, 0.08976060897111893, -0.03896968439221382, 0.04088752716779709, 0.07554967701435089, -0.045831989496946335, -0.13588404655456543, 0.06090720370411873, 0.0961257740855217, -0.016728157177567482, 0.030831916257739067, 0.01282498799264431, -0.18916884064674377, 0.2692086398601532, 0.10936765372753143, 0.2305617332458496, -0.2652713358402252, 0.29902055859565735, -0.05049765855073929, 0.20563317835330963, 0.18208277225494385, -0.060871902853250504, 0.19345340132713318, 0.06130555272102356, -0.018776830285787582, 0.07721607387065887, -0.15395362675189972, 0.1579291671514511, -0.07175810635089874, -0.1391860842704773, -0.23992955684661865, 0.21475078165531158, -0.08549949526786804, -0.036787137389183044, 0.034798864275217056, 0.07272574305534363, 0.1253689080476761, 0.11981484293937683, 0.3375731408596039, -0.07513590157032013, -0.0456027016043663, 0.17671185731887817, 0.34509339928627014, 0.13476067781448364, 0.005790675990283489, 0.020024867728352547, -0.07390499860048294, -0.15574397146701813]"
from,"[-0.08887108415365219, 0.03131001442670822, 0.12893350422382355, -0.016592184081673622, 0.03805728629231453, -0.13924099504947662, 0.04440015181899071, 0.4003935754299164, -0.24637821316719055, -0.12535299360752106, -0.06390289962291718, -0.30676376819610596, -0.052011363208293915, 0.12414435297250748, 0.10226178169250488, -0.11529358476400375, -0.04675958305597305, -0.12453943490982056, 0.05410710349678993, -0.2155424803495407, 0.08076418191194534, -0.08601434528827667, 0.23176893591880798, 0.08782518655061722, 0.0643680989742279, -0.07539243996143341, -0.26557692885398865, -0.20355290174484253, -0.15875151753425598, -0.03474849835038185, 0.2454608678817749, -0.18204982578754425, 0.11866085976362228, -0.06521561741828918, 0.11616883426904678, 0.220100536942482, -0.09920015186071396, -0.13711781799793243, -0.18478107452392578, -0.26909005641937256, 0.04015028476715088, -0.18620917201042175, -0.14410865306854248, -0.0025252869818359613, -0.07909237593412399, -0.07420842349529266, -0.279080331325531, -0.02699107490479946, 0.13783089816570282, 0.29327329993247986, 0.15356194972991943, -0.2917323112487793, 0.006783036049455404, 0.14176686108112335, -0.07588185369968414, 0.07822509109973907, 0.1117611825466156, -0.03183288127183914, -0.188948392868042, 0.01653813198208809, 0.04824874550104141, 0.03747546300292015, -0.07878875732421875, -0.04757276549935341, -0.18710599839687347, 0.14614632725715637, 0.1434078812599182, 0.180327907204628, -0.2073834091424942, 0.28859877586364746, -0.10040105879306793, 0.1998824030160904, 0.15987075865268707, -0.10624483972787857, 0.20713944733142853, 0.06483323872089386, -0.06236246973276138, 0.07920394092798233, -0.20876148343086243, 0.16112969815731049, -0.0016449004178866744, -0.16087912023067474, -0.19618186354637146, 0.16051341593265533, -0.05633174628019333, -0.02657478116452694, -0.09947706013917923, 0.10928010940551758, 0.055212512612342834, 0.13056161999702454, 0.36147797107696533, -0.07662221789360046, -0.10140126943588257, 0.2223246544599533, 0.36235663294792175, 0.17166569828987122, 0.017069606110453606, -0.03368952497839928, -0.01916566677391529, -0.1678132712841034]"
world,"[-0.021264439448714256, 0.05341600626707077, 0.118309885263443, 0.049305450171232224, 0.013792652636766434, -0.1461910903453827, 0.09376414865255356, 0.45205628871917725, -0.2727799415588379, -0.13583236932754517, -0.052747465670108795, -0.27524328231811523, -0.015467316843569279, 0.06927653402090073, 0.07353225350379944, -0.11089490354061127, 0.04171806573867798, -0.10597865283489227, -0.027603741735219955, -0.290946364402771, 0.10315366089344025, -0.0472957082092762, 0.2613756060600281, 0.07960785180330276, 0.04043833911418915, -0.03137119859457016, -0.24101994931697845, -0.11934647709131241, -0.18041278421878815, 0.00914363469928503, 0.2192496657371521, -0.20336000621318817, 0.1732829511165619, -0.1284330040216446, 0.043800245970487595, 0.22776097059249878, -0.0509783998131752, -0.08422230929136276, -0.20575839281082153, -0.2393908053636551, 0.01631157472729683, -0.15703436732292175, -0.13578788936138153, -0.05056394636631012, -0.05912689492106438, -0.13613535463809967, -0.21636539697647095, -0.031025800853967667, 0.14033228158950806, 0.26094889640808105, 0.0952044278383255, -0.2544245719909668, -0.028104143217206, 0.09164593368768692, -0.04324714094400406, 0.05425937473773956, 0.08719652146100998, -0.02088078297674656, -0.15513429045677185, 0.0444585457444191, 0.08334632217884064, 0.0042249904945492744, 0.03185110166668892, -0.011121380142867565, -0.1693345606327057, 0.2148449569940567, 0.09843645989894867, 0.21103575825691223, -0.23635032773017883, 0.2654608190059662, -0.05982401594519615, 0.18712906539440155, 0.15597379207611084, -0.04432627558708191, 0.1954323649406433, 0.041547201573848724, -0.05490430071949959, 0.0866321474313736, -0.16505570709705353, 0.1538541316986084, -0.042327772825956345, -0.13421767950057983, -0.23652823269367218, 0.1866137534379959, -0.07075641304254532, -0.043242476880550385, 0.0015008458867669106, 0.08373386412858963, 0.09299127757549286, 0.12756116688251495, 0.3264324367046356, -0.059584107249975204, -0.062304671853780746, 0.2013801634311676, 0.3268512785434723, 0.14343290030956268, 0.0009502787725068629, -0.001802600803785026, -0.0581798329949379, -0.17221331596374512]"
game,"[-0.03190174326300621, 0.04231341555714607, 0.11445146054029465, 0.033923979848623276, 0.01658414490520954, -0.15060646831989288, 0.0876280888915062, 0.46155500411987305, -0.2928527891635895, -0.13550731539726257, -0.04287244379520416, -0.2925991714000702, -0.023776564747095108, 0.11174716800451279, 0.0942063257098198, -0.13020436465740204, 0.010296165943145752, -0.12034051865339279, -0.01998758316040039, -0.29251840710639954, 0.10242296755313873, -0.05056821182370186, 0.2664090096950531, 0.07169976830482483, 0.031849995255470276, -0.03310684114694595, -0.2611212730407715, -0.15957441926002502, -0.1720653623342514, 0.006827431730926037, 0.23635657131671906, -0.18725451827049255, 0.16628402471542358, -0.11420603096485138, 0.059991199523210526, 0.2648307681083679, -0.07001139223575592, -0.08694636821746826, -0.22146597504615784, -0.25869712233543396, 0.011059172451496124, -0.17480799555778503, -0.14662601053714752, -0.024089690297842026, -0.07343193143606186, -0.0945933535695076, -0.23521384596824646, -0.04465959221124649, 0.14717109501361847, 0.2809794545173645, 0.12143097072839737, -0.25247541069984436, -0.030383490025997162, 0.12941810488700867, -0.05727424472570419, 0.03591840714216232, 0.10786076635122299, -0.025971250608563423, -0.1619725525379181, 0.04380381852388382, 0.09936241060495377, 0.015999682247638702, 0.03328690305352211, -0.027356410399079323, -0.17713771760463715, 0.2030647248029709, 0.09259004145860672, 0.2201606035232544, -0.24362334609031677, 0.27888619899749756, -0.053646333515644073, 0.20452693104743958, 0.14784224331378937, -0.041500259190797806, 0.20522043108940125, 0.05496996268630028, -0.08073996752500534, 0.09398148208856583, -0.17411522567272186, 0.14784030616283417, -0.03187844529747963, -0.1564953327178955, -0.22622032463550568, 0.15704458951950073, -0.07521434128284454, -0.029914818704128265, -0.01163888443261385, 0.08578556776046753, 0.10544848442077637, 0.1577489674091339, 0.3502306640148163, -0.07190580666065216, -0.06626813858747482, 0.23405571281909943, 0.3534020781517029, 0.15046456456184387, -0.01564422994852066, -0.012168414890766144, -0.06404026597738266, -0.1771918088197708]"
different,"[-0.01521294191479683, 0.07080794125795364, 0.12932278215885162, 0.03108326904475689, 0.006600395310670137, -0.12779846787452698, 0.1011667549610138, 0.4841436743736267, -0.2894189655780792, -0.16348305344581604, -0.04813430458307266, -0.31670597195625305, 0.00055548211093992, 0.07125706225633621, 0.07996346056461334, -0.12172774225473404, 0.0635162889957428, -0.1222238689661026, -0.01047256775200367, -0.31153979897499084, 0.10626880824565887, -0.04495653882622719, 0.26481664180755615, 0.08144643902778625, 0.05072469264268875, -0.031978730112314224, -0.234077587723732, -0.09228668361902237, -0.19394518435001373, 0.014071044512093067, 0.21751469373703003, -0.22801217436790466, 0.2205665558576584, -0.14807063341140747, 0.04903597757220268, 0.24475279450416565, -0.04754049703478813, -0.11371155083179474, -0.2245129942893982, -0.2546258866786957, 0.013995802029967308, -0.15143302083015442, -0.14683261513710022, -0.06737381964921951, -0.05960823968052864, -0.16509340703487396, -0.2396346777677536, -0.057829417288303375, 0.1593225747346878, 0.2779119908809662, 0.0886806845664978, -0.27539604902267456, -0.04678460955619812, 0.07687947899103165, -0.034585870802402496, 0.049304112792015076, 0.07997942715883255, -0.020777061581611633, -0.14817221462726593, 0.035982295870780945, 0.10630939155817032, 0.0036064835730940104, 0.028782762587070465, 0.017060184851288795, -0.17451995611190796, 0.26668646931648254, 0.11791170388460159, 0.21674098074436188, -0.2543385922908783, 0.27428629994392395, -0.05249693989753723, 0.22599679231643677, 0.18907548487186432, -0.04882984608411789, 0.2338373363018036, 0.06331377476453781, -0.033783141523599625, 0.08419531583786011, -0.1566220372915268, 0.17484065890312195, -0.04475392401218414, -0.13627301156520844, -0.2443690001964569, 0.23710457980632782, -0.08787418901920319, -0.03305327892303467, 0.03202774375677109, 0.08792898803949356, 0.11309768259525299, 0.14518727362155914, 0.35183918476104736, -0.06371798366308212, -0.05992230027914047, 0.200847789645195, 0.3460163474082947, 0.14906752109527588, 0.00963345356285572, 0.004987066145986319, -0.05685613676905632, -0.16671590507030487]"
cup,"[-0.05364486575126648, 0.04119985178112984, 0.10826829075813293, 0.0062467483803629875, 0.005859781987965107, -0.12589500844478607, 0.06682845205068588, 0.36869168281555176, -0.21273349225521088, -0.12998631596565247, -0.05336899310350418, -0.2761896252632141, -0.03245920315384865, 0.08480503410100937, 0.0788443386554718, -0.09461942315101624, -0.01596803218126297, -0.10679852217435837, 0.022675318643450737, -0.21150219440460205, 0.06988219916820526, -0.06889741867780685, 0.20462945103645325, 0.0833340585231781, 0.05395302176475525, -0.03222446143627167, -0.21500426530838013, -0.13970446586608887, -0.1297236829996109, -0.00043882321915589273, 0.19876499474048615, -0.1621381789445877, 0.13392247259616852, -0.08626214414834976, 0.0693301409482956, 0.198914036154747, -0.06482703238725662, -0.1319340318441391, -0.17851097881793976, -0.24603599309921265, 0.02348625846207142, -0.14663630723953247, -0.10165967047214508, -0.020517623052001, -0.0651448518037796, -0.09553637355566025, -0.22829166054725647, -0.023106152191758156, 0.12421485781669617, 0.26062706112861633, 0.09642250835895538, -0.2477758526802063, -0.028078386560082436, 0.08990630507469177, -0.049226172268390656, 0.05167609080672264, 0.07987417280673981, -0.021206699311733246, -0.15521110594272614, 0.008819714188575745, 0.06110726296901703, 0.021165842190384865, -0.03147218003869057, -0.010755915194749832, -0.18217545747756958, 0.16911925375461578, 0.10554730147123337, 0.17885246872901917, -0.18167129158973694, 0.24890433251857758, -0.07539909332990646, 0.18961311876773834, 0.15265899896621704, -0.07471419125795364, 0.19109486043453217, 0.07155561447143555, -0.042922716587781906, 0.06059296801686287, -0.1506424844264984, 0.1383729726076126, -0.010377585887908936, -0.13655896484851837, -0.18297626078128815, 0.15108658373355865, -0.03878790885210037, -0.011232682503759861, -0.03191642090678215, 0.07549171894788742, 0.07713703066110611, 0.13508504629135132, 0.29617244005203247, -0.0686495453119278, -0.05832966789603233, 0.19902126491069794, 0.2978513538837433, 0.1514444649219513, -0.0032817646861076355, -0.019617486745119095, -0.017505794763565063, -0.13873551785945892]"
players,"[-0.05472059175372124, 0.026402059942483902, 0.1207253634929657, 0.026361441239714622, 0.015531475655734539, -0.11197420209646225, 0.06328906863927841, 0.37661460041999817, -0.2219746708869934, -0.12443959712982178, -0.052306003868579865, -0.2588123381137848, -0.02735506370663643, 0.0969829335808754, 0.060788121074438095, -0.10370858013629913, -0.011647026985883713, -0.10850413143634796, 0.0003874886024277657, -0.21929264068603516, 0.06885809451341629, -0.06095394119620323, 0.2114103138446808, 0.0765247792005539, 0.03455539047718048, -0.03905942663550377, -0.21363066136837006, -0.1348240226507187, -0.13197116553783417, -0.002587702823802829, 0.2055903822183609, -0.15956971049308777, 0.13915495574474335, -0.08241508901119232, 0.06423243135213852, 0.1966012567281723, -0.05850497633218765, -0.10933659970760345, -0.18380092084407806, -0.22758449614048004, 0.019655214622616768, -0.1486041396856308, -0.10826322436332703, -0.021579576656222343, -0.06730014830827713, -0.09271356463432312, -0.22479155659675598, -0.01826576702296734, 0.12175742536783218, 0.24354895949363708, 0.10423660278320312, -0.23859527707099915, -0.01662313938140869, 0.08014532923698425, -0.06066064536571503, 0.05480575188994408, 0.0799756646156311, -0.02093897946178913, -0.1504422277212143, 0.022646000608801842, 0.07234679162502289, 0.03262413293123245, -0.00629129633307457, -0.005778023041784763, -0.15784063935279846, 0.16566869616508484, 0.09545943886041641, 0.17417465150356293, -0.19559037685394287, 0.23305851221084595, -0.06378363817930222, 0.17966048419475555, 0.14134328067302704, -0.06267574429512024, 0.191621333360672, 0.05566705763339996, -0.04657677188515663, 0.06497114896774292, -0.14853507280349731, 0.14204442501068115, -0.017659015953540802, -0.12525559961795807, -0.18282954394817352, 0.15008893609046936, -0.05397271364927292, -0.02416812628507614, -0.03171113505959511, 0.07794000953435898, 0.07663450390100479, 0.12981273233890533, 0.29508519172668457, -0.054952822625637054, -0.06186947599053383, 0.1885780692100525, 0.29435068368911743, 0.13972418010234833, 0.008977947756648064, -0.02007106877863407, -0.02275773137807846, -0.15261191129684448]"
cricket,"[-0.025991041213274002, 0.02099575288593769, 0.048678986728191376, -2.712847344810143e-05, 0.009067656472325325, -0.049085088074207306, 0.02688264474272728, 0.16577531397342682, -0.10544764995574951, -0.04730766639113426, -0.03529759496450424, -0.12800298631191254, -0.010069088079035282, 0.032216429710388184, 0.024143537506461143, -0.049390241503715515, -0.0015965874772518873, -0.03785550594329834, 0.018139690160751343, -0.10282239317893982, 0.04471341893076897, -0.0325830914080143, 0.08626993745565414, 0.036784522235393524, 0.016136620193719864, -0.015264048241078854, -0.09101212024688721, -0.06300611793994904, -0.07114896178245544, -0.009603630751371384, 0.08956355601549149, -0.07241792976856232, 0.06300266832113266, -0.03908088430762291, 0.03674231469631195, 0.08428657054901123, -0.030300328508019447, -0.06473793089389801, -0.0834435448050499, -0.10978010296821594, -0.0028409757651388645, -0.07245547324419022, -0.043833013623952866, -0.00016268715262413025, -0.03543906658887863, -0.05642837658524513, -0.09873353689908981, -0.015350018627941608, 0.05671108886599541, 0.11093055456876755, 0.04234397038817406, -0.12330688536167145, -0.0017425124533474445, 0.043513551354408264, -0.024903474375605583, 0.027935978025197983, 0.03175419941544533, -0.017890162765979767, -0.07041965425014496, 0.009195939637720585, 0.028289468958973885, 0.017536144703626633, -0.0247014332562685, -0.00552008580416441, -0.08152510970830917, 0.07845176756381989, 0.04785812646150589, 0.08281876146793365, -0.08785635977983475, 0.10182516276836395, -0.03945227712392807, 0.07952548563480377, 0.06933221220970154, -0.037864916026592255, 0.08248267322778702, 0.032609857618808746, -0.010425632819533348, 0.02834916301071644, -0.0673879086971283, 0.06631913781166077, 0.0004716012626886368, -0.05733618512749672, -0.08589568734169006, 0.08634461462497711, -0.015737880021333694, -0.00879940576851368, -0.008004785515367985, 0.03156149387359619, 0.02549377828836441, 0.05279439315199852, 0.12625598907470703, -0.01942499354481697, -0.037211824208498, 0.08390189707279205, 0.12752437591552734, 0.06291265040636063, 0.0012670019641518593, -0.006411263253539801, -0.01662108488380909, -0.056027479469776154]"
countries,"[-0.04938426986336708, 0.02289828471839428, 0.0834738090634346, 0.013281361199915409, -0.0034557650797069073, -0.07147525250911713, 0.045587748289108276, 0.23558232188224792, -0.14600758254528046, -0.08241009712219238, -0.038679372519254684, -0.17262664437294006, -0.021927332505583763, 0.05851979926228523, 0.04498071223497391, -0.06975504755973816, -0.0016282785218209028, -0.07148589938879013, 0.023965561762452126, -0.1299019604921341, 0.04306735843420029, -0.03646395355463028, 0.1345885843038559, 0.07348388433456421, 0.029028955847024918, -0.01958599127829075, -0.1316271871328354, -0.08328242599964142, -0.0904100090265274, 0.0003665908006951213, 0.12498042732477188, -0.09463941305875778, 0.0826931744813919, -0.05539834126830101, 0.05288311839103699, 0.11093447357416153, -0.05774015933275223, -0.10054804384708405, -0.12890419363975525, -0.16674655675888062, 0.015713034197688103, -0.09237777441740036, -0.07467221468687057, -0.01992988772690296, -0.04372086748480797, -0.08577024191617966, -0.14845460653305054, -0.021647224202752113, 0.08733437210321426, 0.16519951820373535, 0.058145973831415176, -0.172452911734581, -0.015120847150683403, 0.055427540093660355, -0.03703862056136131, 0.04036670923233032, 0.039917510002851486, -0.013006521388888359, -0.09364672750234604, -0.004781953990459442, 0.04789232835173607, 0.022556785494089127, -0.03758363798260689, -0.01799447275698185, -0.12720303237438202, 0.12098734080791473, 0.08528225123882294, 0.11098737269639969, -0.12019562721252441, 0.16652177274227142, -0.03813031688332558, 0.11753939092159271, 0.11322799324989319, -0.04209750518202782, 0.11534663289785385, 0.054453685879707336, -0.024974359199404716, 0.018096258863806725, -0.10811027139425278, 0.10193729400634766, -0.010980966500937939, -0.0889294296503067, -0.12759089469909668, 0.12013497203588486, -0.016357330605387688, -0.017272096127271652, -0.015808282420039177, 0.054735101759433746, 0.04112880676984787, 0.08932285755872726, 0.18779432773590088, -0.03960621356964111, -0.04103300720453262, 0.12946189939975739, 0.19950829446315765, 0.10632883757352829, 0.00957451481372118, -0.007654681336134672, -0.01651686243712902, -0.09586405754089355]"
event,"[-0.014754731208086014, 0.009703021496534348, 0.04871418699622154, 0.014031196013092995, -0.005955751519650221, -0.04511198773980141, 0.021728910505771637, 0.12509888410568237, -0.0778445228934288, -0.05163310468196869, -0.022270001471042633, -0.10465802252292633, -0.00920839887112379, 0.029651856049895287, 0.022199060767889023, -0.04280434176325798, -0.0026094787754118443, -0.028827134519815445, 0.0017247966025024652, -0.08146896213293076, 0.03301428630948067, -0.026815343648195267, 0.08103799819946289, 0.026767272502183914, 0.01122299861162901, -0.004067341797053814, -0.06797574460506439, -0.036815449595451355, -0.05102353170514107, -0.0013427798403427005, 0.06513456255197525, -0.05986129492521286, 0.046336498111486435, -0.031370166689157486, 0.018957803025841713, 0.05372031405568123, -0.027440469712018967, -0.05234827473759651, -0.05818762630224228, -0.09293078631162643, 0.00723603880032897, -0.05363523215055466, -0.02946014329791069, -0.013815732672810555, -0.028775684535503387, -0.04753042012453079, -0.084370918571949, -0.019685395061969757, 0.04920118674635887, 0.08333232998847961, 0.03841432183980942, -0.08646750450134277, -0.01509511936455965, 0.03313266485929489, -0.017205530777573586, 0.03227578476071358, 0.027688996866345406, -0.010761278681457043, -0.047173626720905304, 0.004719153046607971, 0.019700486212968826, 0.009301639162003994, -0.015249747782945633, -0.008094453252851963, -0.060514822602272034, 0.05367834120988846, 0.03399099037051201, 0.06293006241321564, -0.076065793633461, 0.09468217194080353, -0.017575738951563835, 0.06708604842424393, 0.05355066806077957, -0.03317338600754738, 0.06706936657428741, 0.02055659331381321, -0.010482232086360455, 0.006034718360751867, -0.05730486288666725, 0.045679859817028046, -0.012803358025848866, -0.04445400834083557, -0.06373316794633865, 0.06798147410154343, -0.016682101413607597, -0.013088659383356571, -0.013338947668671608, 0.02060622349381447, 0.015776727348566055, 0.03376327455043793, 0.09747878462076187, -0.02534591592848301, -0.012715810909867287, 0.07216495275497437, 0.10933053493499756, 0.05239804834127426, 0.004862319212406874, -0.01396047044545412, -0.010735299438238144, -0.04545583575963974]"
sports,"[-0.019131029024720192, 0.0036578322760760784, 0.04292980581521988, -8.433865150436759e-05, -0.001348675461485982, -0.038068611174821854, 0.021562617272138596, 0.1156034767627716, -0.07534784823656082, -0.046131860464811325, -0.011197327636182308, -0.09024617820978165, -0.017656469717621803, 0.029083015397191048, 0.0131576769053936, -0.020792342722415924, 0.006016316823661327, -0.039667632430791855, -0.00039236719021573663, -0.06798342615365982, 0.015096751973032951, -0.013603568077087402, 0.059455711394548416, 0.03433617949485779, 0.019155509769916534, -0.01798086240887642, -0.06976316124200821, -0.03116077184677124, -0.038471851497888565, -0.003296707523986697, 0.06798559427261353, -0.0404428131878376, 0.034140318632125854, -0.030239462852478027, 0.028778068721294403, 0.05326346307992935, -0.02530159242451191, -0.03725796937942505, -0.06196695193648338, -0.07710336893796921, 0.008292365819215775, -0.04916467145085335, -0.02795894257724285, 0.002824100898578763, -0.017148565500974655, -0.04258629307150841, -0.06120590493083, -0.01548830233514309, 0.03479597717523575, 0.06801693886518478, 0.02908782847225666, -0.0876055434346199, 0.0031288471072912216, 0.031229998916387558, -0.0066656386479735374, 0.009835132397711277, 0.012676633894443512, -0.008424786850810051, -0.04331662505865097, -0.003944003488868475, 0.023470401763916016, -0.0018051385413855314, -0.020254265516996384, -0.010408335365355015, -0.044088076800107956, 0.0569797046482563, 0.04254811629652977, 0.04736888408660889, -0.05934317409992218, 0.06679125875234604, -0.01597895845770836, 0.0637744665145874, 0.05269746109843254, -0.028269149363040924, 0.06069352477788925, 0.0182627085596323, -0.014132188633084297, 0.012139508500695229, -0.043467529118061066, 0.04983990266919136, 0.0018883043667301536, -0.041605401784181595, -0.06006202846765518, 0.0477389432489872, -0.02140875719487667, 0.0025463979691267014, -0.012608696706593037, 0.015352476388216019, 0.02776309661567211, 0.03164927288889885, 0.08923456817865372, -0.021878642961382866, -0.014626600779592991, 0.04949692636728287, 0.09294191747903824, 0.037297625094652176, 0.004378213081508875, -0.0044733271934092045, -0.002332153497263789, -0.034048352390527725]"
major,"[-0.033023901283741, 0.009114347398281097, 0.04200873151421547, 0.009883013553917408, 0.012432646006345749, -0.05042002722620964, 0.015455374494194984, 0.14604470133781433, -0.09164353460073471, -0.0574742816388607, -0.020860206335783005, -0.11467260122299194, -0.005322358570992947, 0.03726048767566681, 0.022495821118354797, -0.0404665544629097, -0.006358069367706776, -0.05038192868232727, 0.006627972237765789, -0.08766061067581177, 0.042660728096961975, -0.030419714748859406, 0.08725709468126297, 0.04108453541994095, 0.023453908041119576, -0.01313963532447815, -0.08868471533060074, -0.05281444266438484, -0.04896550625562668, 0.004872297868132591, 0.08776915818452835, -0.07177664339542389, 0.05115791782736778, -0.021860569715499878, 0.03341525420546532, 0.07231249660253525, -0.03514350950717926, -0.06463390588760376, -0.0677952989935875, -0.11246812343597412, 0.016552025452256203, -0.06288790702819824, -0.03526635840535164, -0.0011586938053369522, -0.021894998848438263, -0.05027931556105614, -0.10595369338989258, -0.011925746686756611, 0.04212494194507599, 0.11266366392374039, 0.04676751047372818, -0.1045808345079422, -0.013968166895210743, 0.030641186982393265, -0.032155416905879974, 0.0359332449734211, 0.035739075392484665, -0.021023301407694817, -0.0593172162771225, 0.010972270742058754, 0.033190518617630005, 0.020502204075455666, -0.01569027453660965, -0.014816519804298878, -0.07461812347173691, 0.06572619080543518, 0.05929458513855934, 0.08388934284448624, -0.08158882707357407, 0.09836073964834213, -0.036320220679044724, 0.07664679735898972, 0.0743597149848938, -0.03522636368870735, 0.07162722200155258, 0.025269629433751106, -0.02556285820901394, 0.013668267987668514, -0.0742005780339241, 0.069366455078125, 0.0013930717250332236, -0.06494112312793732, -0.07287110388278961, 0.0713738277554512, -0.0164311733096838, -0.015996331349015236, -0.02437702566385269, 0.027966497465968132, 0.016915608197450638, 0.05290289223194122, 0.12376053631305695, -0.02004750818014145, -0.02955026365816593, 0.08120796084403992, 0.12495580315589905, 0.06266786903142929, 0.008343716152012348, -0.018252326175570488, -0.009435035288333893, -0.051901720464229584]"
final,"[-0.017062386497855186, 0.014537503011524677, 0.03163193166255951, 0.00959743931889534, 0.0031567267142236233, -0.032201334834098816, 0.015447205863893032, 0.10694703459739685, -0.06808814406394958, -0.04066188633441925, -0.02701287344098091, -0.08793948590755463, -0.0004667264292947948, 0.0345059409737587, 0.011956150643527508, -0.04027033969759941, -0.007252687122672796, -0.02424510009586811, 0.014263476245105267, -0.07388922572135925, 0.025156443938612938, -0.01913706213235855, 0.07217629998922348, 0.035606708377599716, 0.01631060056388378, -0.004577138461172581, -0.07121399790048599, -0.03556064888834953, -0.034594133496284485, 0.009190845303237438, 0.05306115001440048, -0.04214777052402496, 0.033416666090488434, -0.03226089850068092, 0.01780538633465767, 0.063434898853302, -0.025168772786855698, -0.04413677752017975, -0.060941409319639206, -0.0726008340716362, 0.008258754387497902, -0.055315326899290085, -0.026337992399930954, 0.0046560754999518394, -0.01526658609509468, -0.033202189952135086, -0.06466493755578995, -0.00033213369897566736, 0.031591542065143585, 0.07234986871480942, 0.02947361208498478, -0.07180778682231903, -0.001000597607344389, 0.019359009340405464, -0.01024382933974266, 0.016460387036204338, 0.0263834148645401, -0.017526570707559586, -0.0461602509021759, 0.0021999473683536053, 0.024477174505591393, 0.010012554936110973, -0.020878618583083153, -0.0031142625957727432, -0.04920601472258568, 0.05734369531273842, 0.03277232497930527, 0.052775464951992035, -0.05365420877933502, 0.083167664706707, -0.02465909533202648, 0.06274286657571793, 0.05510270968079567, -0.02981441840529442, 0.05422733724117279, 0.016938621178269386, -0.004935283213853836, 0.02231236733496189, -0.05149639770388603, 0.036570169031620026, -0.00963209941983223, -0.03682117909193039, -0.06396165490150452, 0.04625990614295006, -0.013483680784702301, -0.004791395738720894, -0.006261334754526615, 0.029716292396187782, 0.025313489139080048, 0.03833196312189102, 0.0993013083934784, -0.010134773328900337, -0.02715662494301796, 0.05275992304086685, 0.10056106746196747, 0.04297221451997757, -0.0007293738890439272, -0.011852661147713661, -0.012636207044124603, -0.05247674509882927]"
tournament,"[-0.014872336760163307, 0.0166429802775383, 0.033324696123600006, 0.004021348897367716, 0.0054578473791480064, -0.03573666885495186, 0.007930900901556015, 0.08736708015203476, -0.05381082743406296, -0.029403284192085266, -0.014664032496511936, -0.06214149296283722, -0.013938196003437042, 0.02304767444729805, 0.0204502921551466, -0.015705810859799385, -0.005978951696306467, -0.013315637595951557, -0.0021841051056981087, -0.04013372212648392, 0.019787531346082687, -0.006000098772346973, 0.04046826437115669, 0.01745760813355446, 0.011021982878446579, -0.00978241115808487, -0.047210097312927246, -0.027072321623563766, -0.023349368944764137, -0.0016799320001155138, 0.04493549466133118, -0.041735462844371796, 0.029056791216135025, -0.020642274990677834, 0.00685752322897315, 0.03164644166827202, -0.011570174247026443, -0.029256468638777733, -0.034179914742708206, -0.05980571359395981, -0.0016876223962754011, -0.029940977692604065, -0.02383204735815525, -0.00760032469406724, -0.010364756919443607, -0.031849633902311325, -0.055364012718200684, -0.00147666793782264, 0.025987934321165085, 0.060103435069322586, 0.027878539636731148, -0.06357187777757645, -0.0007604960701428354, 0.01275352481752634, -0.01850527711212635, 0.01785428076982498, 0.01154868770390749, -0.008443052880465984, -0.041882291436195374, -0.0007543717510998249, 0.017621910199522972, 0.007719766814261675, -0.021529246121644974, -0.009087423793971539, -0.0393313430249691, 0.028521563857793808, 0.02966979891061783, 0.0362236462533474, -0.039806295186281204, 0.060394808650016785, -0.02178890071809292, 0.0377449169754982, 0.04138214513659477, -0.02679067850112915, 0.041069041937589645, 0.026953894644975662, -0.015304121188819408, 0.001887833932414651, -0.026519304141402245, 0.030572809278964996, -0.005071504041552544, -0.023068640381097794, -0.04479450359940529, 0.03527841344475746, -0.005741892382502556, 0.00021367271256167442, 0.00013756268890574574, 0.019815189763903618, 0.011400225572288036, 0.036103956401348114, 0.06403596699237823, -0.00551599683240056, -0.008497062139213085, 0.0361318401992321, 0.06406695395708084, 0.036774907261133194, 0.012368889525532722, -0.012629399076104164, -0.0016389222582802176, -0.029316384345293045]"
match,"[-0.021280666813254356, 0.009680410847067833, 0.03513137996196747, -0.0009720520465634763, 0.009858688339591026, -0.04527401551604271, 0.03113803267478943, 0.13013267517089844, -0.0838630273938179, -0.05134506896138191, -0.023326093330979347, -0.11417843401432037, -0.02077099308371544, 0.04438747838139534, 0.03638488054275513, -0.03885013237595558, 0.004837801214307547, -0.037073101848363876, 0.012234135530889034, -0.07989829033613205, 0.026115478947758675, -0.019884582608938217, 0.07351445406675339, 0.033978287130594254, 0.015486359596252441, -0.010439072735607624, -0.08242926746606827, -0.05860939621925354, -0.06310413777828217, -0.004283558111637831, 0.07369329780340195, -0.0594346784055233, 0.04149593040347099, -0.024234920740127563, 0.027998391538858414, 0.08230693638324738, -0.03639037162065506, -0.06091933697462082, -0.07539576292037964, -0.0986933708190918, -0.0035485976841300726, -0.0673023909330368, -0.03895971179008484, -0.012450718320906162, -0.019549541175365448, -0.03731505200266838, -0.0940559059381485, -0.0032722456380724907, 0.0378403514623642, 0.09261070936918259, 0.031053829938173294, -0.1030527651309967, -0.016563374549150467, 0.04198245331645012, -0.023204466328024864, 0.015447117388248444, 0.028560150414705276, -0.015073527581989765, -0.05838166922330856, 0.006839353125542402, 0.034907300025224686, 0.02041173353791237, -0.014025484211742878, -0.004114724695682526, -0.05994509160518646, 0.0703287199139595, 0.04977140203118324, 0.06897500902414322, -0.08119332045316696, 0.1028938814997673, -0.029242290183901787, 0.08082621544599533, 0.06512482464313507, -0.036603137850761414, 0.06327249854803085, 0.036763086915016174, -0.02549392357468605, 0.014121289364993572, -0.06983359903097153, 0.06533320993185043, -0.009347419254481792, -0.05907157436013222, -0.07737750560045242, 0.06590402871370316, -0.01632668264210224, -0.01303480751812458, -0.015541053377091885, 0.029947590082883835, 0.019242003560066223, 0.04620127007365227, 0.12542003393173218, -0.030423514544963837, -0.025981782004237175, 0.07409857213497162, 0.1155439168214798, 0.05733620747923851, 0.01015720795840025, -0.007930456660687923, -0.0056625488214194775, -0.048833757638931274]"
scored,"[-0.030042696744203568, 0.0071199568919837475, 0.03164716064929962, 0.008557026274502277, 0.003677919041365385, -0.045091625303030014, 0.014351270161569118, 0.11004730314016342, -0.05785578116774559, -0.03287319093942642, -0.01754639856517315, -0.08884871006011963, -0.011955470778048038, 0.024442022666335106, 0.02437836118042469, -0.034175485372543335, 0.005597302690148354, -0.02628292329609394, 0.011213485151529312, -0.06696014106273651, 0.021836545318365097, -0.016187485307455063, 0.05339939519762993, 0.02641986683011055, 0.00695595471188426, -0.012905108742415905, -0.06866779923439026, -0.04810025170445442, -0.04063517972826958, 0.008838962763547897, 0.061115581542253494, -0.0410575307905674, 0.037259865552186966, -0.031308431178331375, 0.020397333428263664, 0.06081376597285271, -0.033596985042095184, -0.044269733130931854, -0.05876252427697182, -0.07580485194921494, 0.009868140332400799, -0.03931032493710518, -0.03153775632381439, 0.0004360965685918927, -0.007892736233770847, -0.037532955408096313, -0.07148721814155579, -0.0003042012103833258, 0.03294143080711365, 0.06929394602775574, 0.019158242270350456, -0.0690697729587555, 0.0025402673054486513, 0.014482293277978897, -0.0185404010117054, 0.02730010822415352, 0.012248008511960506, -0.007384073920547962, -0.041968993842601776, 0.0020523136481642723, 0.018330158665776253, 0.007452080026268959, -0.013249156065285206, -0.005809421185404062, -0.05877402424812317, 0.04780183732509613, 0.0262556504458189, 0.05956932529807091, -0.0524628646671772, 0.07218249142169952, -0.021672513335943222, 0.05990966036915779, 0.05279628932476044, -0.012355195358395576, 0.05758299678564072, 0.02033589407801628, -0.016682226210832596, 0.013927197083830833, -0.051791947335004807, 0.03542723134160042, -0.0017892169998958707, -0.04556719586253166, -0.04801082983613014, 0.04631585255265236, -0.005198626779019833, 0.001047469093464315, -0.0009532012627460063, 0.018423423171043396, 0.022912345826625824, 0.04257674515247345, 0.09216485917568207, -0.016767609864473343, -0.018252523615956306, 0.05886983126401901, 0.0808546170592308, 0.03687574714422226, 0.0066670519299805164, -0.008899988606572151, -0.013546692207455635, -0.03593922406435013]"
batsmen,"[-0.015742748975753784, 0.0077886623330414295, 0.01986684836447239, -0.008991634473204613, -0.005494770593941212, -0.028740881010890007, 0.003970619291067123, 0.07512372732162476, -0.04869623854756355, -0.03167213499546051, -0.021978944540023804, -0.06619492918252945, -0.00374574470333755, 0.026171458885073662, 0.01979128271341324, -0.019480707123875618, 0.005354583263397217, -0.026385942474007607, 0.0013153417967259884, -0.0511249378323555, 0.015412778593599796, -0.02406778559088707, 0.035982396453619, 0.020059878006577492, 0.015581032261252403, -0.004899207036942244, -0.045729298144578934, -0.02449209801852703, -0.02329060062766075, 0.004405189771205187, 0.04082182049751282, -0.026012573391199112, 0.029758933931589127, -0.014342979528009892, 0.018954141065478325, 0.047756411135196686, -0.00909279566258192, -0.04039040580391884, -0.030179237946867943, -0.05136347934603691, 0.0060986727476119995, -0.028978534042835236, -0.02308364026248455, -0.005708121694624424, -0.005584456026554108, -0.020970545709133148, -0.04401092603802681, -0.0126720629632473, 0.02300160378217697, 0.06421265751123428, 0.0174699854105711, -0.06041473522782326, -0.00942907016724348, 0.011923346668481827, -0.01570453867316246, 0.012259280309081078, 0.015902237966656685, -0.01185186393558979, -0.027815373614430428, 0.011432028375566006, 0.018310312181711197, -0.003029540413990617, -0.006667607929557562, 0.0016172108007594943, -0.03851144015789032, 0.02405657060444355, 0.020999973639845848, 0.03063899651169777, -0.036769524216651917, 0.06111038476228714, -0.017922120168805122, 0.032571934163570404, 0.026472752913832664, -0.012875398620963097, 0.030973205342888832, 0.021065887063741684, -0.010809000581502914, 0.0065777916461229324, -0.029727572575211525, 0.027060491964221, 0.000848021823912859, -0.026719020679593086, -0.029554452747106552, 0.04256970435380936, 0.0017769415862858295, 0.001975363353267312, -0.018434826284646988, 0.017463039606809616, 0.020058035850524902, 0.017271606251597404, 0.06332976371049881, -0.016883892938494682, -0.012220531702041626, 0.049189191311597824, 0.059483207762241364, 0.036274898797273636, 0.004039454739540815, -0.01337643712759018, 0.0045853774063289165, -0.022310780361294746]"
exciting,"[-0.014598586596548557, 0.009487674571573734, 0.03492361307144165, -0.0027955607511103153, 0.008734065108001232, -0.04187565669417381, 0.02449510246515274, 0.11609914898872375, -0.06687811017036438, -0.035354748368263245, -0.01617581769824028, -0.08659343421459198, -0.010022073052823544, 0.023002367466688156, 0.028393222019076347, -0.03385106474161148, 0.004818405956029892, -0.04384281858801842, 0.0073546175844967365, -0.06621328741312027, 0.022222718223929405, -0.010731360875070095, 0.05940287932753563, 0.027619095519185066, 0.006523062940686941, -0.018338028341531754, -0.056640055030584335, -0.040951378643512726, -0.03683604672551155, -0.006304424721747637, 0.060149308294057846, -0.054518911987543106, 0.0392487607896328, -0.021343110129237175, 0.014239802956581116, 0.05449504777789116, -0.027979779988527298, -0.050754614174366, -0.06597720086574554, -0.08403826504945755, 0.010571107268333435, -0.04363401234149933, -0.029907776042819023, -0.011709960177540779, -0.027005493640899658, -0.03159930184483528, -0.06841609627008438, -0.008326953276991844, 0.04135721176862717, 0.07673329859972, 0.02954983152449131, -0.08423840999603271, 0.0008873404003679752, 0.01905916817486286, -0.02247658371925354, 0.028303442522883415, 0.02585574984550476, -0.008785862475633621, -0.04158202186226845, 0.0030913169030100107, 0.021005766466259956, 0.010131346993148327, -0.016219722107052803, -0.003347432939335704, -0.05143199861049652, 0.05821550264954567, 0.03252653405070305, 0.04720800742506981, -0.058222316205501556, 0.06672913581132889, -0.015260053798556328, 0.06103183701634407, 0.051173288375139236, -0.028694670647382736, 0.061577118933200836, 0.03274105489253998, -0.006143422797322273, 0.023104483261704445, -0.045707233250141144, 0.051997337490320206, 0.006465452257543802, -0.04744286090135574, -0.0498143769800663, 0.05847134068608284, -0.00576250534504652, -0.013991229236125946, -0.004224636126309633, 0.026270251721143723, 0.02181355655193329, 0.03434772044420242, 0.0950862318277359, -0.028031015768647194, -0.01967819593846798, 0.06018320098519325, 0.08570271730422974, 0.045079305768013, -0.0016988945426419377, -0.015791891142725945, -0.012379876337945461, -0.04004660248756409]"
heavily,"[-0.02848057821393013, 0.020229941233992577, 0.02386070229113102, 0.007077902089804411, -0.0031605628319084644, -0.03687923774123192, 0.02384769916534424, 0.08862844854593277, -0.059688713401556015, -0.026275020092725754, -0.023443877696990967, -0.08587513118982315, -0.00945198256522417, 0.019470172002911568, 0.023024899885058403, -0.03770200535655022, -0.005581588484346867, -0.028240399435162544, 0.0037001201417297125, -0.05544104799628258, 0.021596074104309082, -0.02082066610455513, 0.05653003975749016, 0.029331153258681297, 0.014793148264288902, -0.0014201588928699493, -0.06109458953142166, -0.04427153617143631, -0.033526159822940826, -0.005712500307708979, 0.05458439141511917, -0.04786548390984535, 0.027725880965590477, -0.028739083558321, 0.01975320093333721, 0.0589044988155365, -0.0308854840695858, -0.03658629208803177, -0.04452907294034958, -0.06020190566778183, -0.0019285139860585332, -0.03678637370467186, -0.03524843603372574, 0.0021225865930318832, -0.014872253872454166, -0.02626393921673298, -0.06833294779062271, -0.0016802885802462697, 0.027499401941895485, 0.07654548436403275, 0.021255608648061752, -0.07962744683027267, -0.009672758169472218, 0.03084820695221424, -0.007987403310835361, 0.02397058717906475, 0.028644366189837456, -0.015216590836644173, -0.05268397182226181, 0.012544234283268452, 0.008214440196752548, 0.016865026205778122, -0.006445333827286959, 0.0015799850225448608, -0.057543087750673294, 0.04252936691045761, 0.036606982350349426, 0.05398140102624893, -0.05956539139151573, 0.07632476836442947, -0.025982612743973732, 0.04519866406917572, 0.05146089196205139, -0.02624659426510334, 0.061418499797582626, 0.02802075445652008, -0.02277696318924427, 0.014583841897547245, -0.03710351511836052, 0.04464607313275337, 0.001598574803210795, -0.037043485790491104, -0.05062242969870567, 0.03945140168070793, -0.013448209501802921, -0.009513132274150848, -0.01314758975058794, 0.026291463524103165, 0.011475395411252975, 0.026243608444929123, 0.08305858075618744, -0.008384188637137413, -0.018125873059034348, 0.05207403004169464, 0.09224969148635864, 0.03421087563037872, 0.001177449245005846, -0.0020334215369075537, -0.007177781779319048, -0.04266023635864258]"
team,"[-0.020776446908712387, 0.009495265781879425, 0.04834163188934326, 0.00874610710889101, 0.0021506513003259897, -0.04238962009549141, 0.02955717407166958, 0.13247470557689667, -0.08346723020076752, -0.03678392618894577, -0.019051307812333107, -0.10857581347227097, -0.009281669743359089, 0.040200941264629364, 0.015445510856807232, -0.036368343979120255, -0.006889081094413996, -0.02860843949019909, 0.012413435615599155, -0.08500654250383377, 0.036008238792419434, -0.014015411958098412, 0.0752401202917099, 0.03193090111017227, 0.027244385331869125, -0.00835843849927187, -0.07965107262134552, -0.03851328790187836, -0.054379984736442566, 0.0008656734717078507, 0.07056404650211334, -0.06555037200450897, 0.05193004384636879, -0.04047941789031029, 0.030930237844586372, 0.07588190585374832, -0.03131533041596413, -0.05040071904659271, -0.06374949216842651, -0.10175595432519913, 0.0031857420690357685, -0.06261489540338516, -0.04550694301724434, -0.01231157872825861, -0.02047642134130001, -0.04236817732453346, -0.081075519323349, -0.015985457226634026, 0.0518217608332634, 0.08571618050336838, 0.03114662505686283, -0.09213633090257645, -0.013734010048210621, 0.03379451110959053, -0.019570624455809593, 0.022834230214357376, 0.0287909135222435, -0.01978135108947754, -0.0593714639544487, 0.0009498668950982392, 0.02608635649085045, 6.903715257067233e-05, -0.01240649726241827, -0.006121707148849964, -0.0692523643374443, 0.0658155009150505, 0.04560639709234238, 0.06498836725950241, -0.0649639219045639, 0.08685845881700516, -0.01607566326856613, 0.0633920207619667, 0.0728345513343811, -0.032875992357730865, 0.07749577611684799, 0.03497954085469246, -0.020371519029140472, 0.021669963374733925, -0.06584937125444412, 0.05464712157845497, -0.0041859690099954605, -0.04091767966747284, -0.08098268508911133, 0.06329763680696487, -0.014309078454971313, -0.016964204609394073, -4.389113746583462e-05, 0.03198067098855972, 0.03428654745221138, 0.05387207120656967, 0.10574102401733398, -0.020481441169977188, -0.027421334758400917, 0.07339606434106827, 0.10824301838874817, 0.055800147354602814, 0.01425758097320795, 0.0016890722326934338, -0.015194591134786606, -0.04646134749054909]"
trophy,"[-0.03485153988003731, 0.019269781187176704, 0.04252316802740097, 0.003058486618101597, 0.008196252398192883, -0.049121662974357605, 0.012754969298839569, 0.12041397392749786, -0.06899821013212204, -0.052034083753824234, -0.02759150229394436, -0.11143960803747177, -0.019731948152184486, 0.02807980589568615, 0.03179273381829262, -0.035870738327503204, -0.0019354703836143017, -0.04404977336525917, 0.01939924992620945, -0.07853034138679504, 0.01860906183719635, -0.019169846549630165, 0.07398658990859985, 0.03394438326358795, 0.015018053352832794, -0.021697642281651497, -0.07195650786161423, -0.044942114502191544, -0.04827459901571274, 0.003235887037590146, 0.07153390347957611, -0.05587760731577873, 0.0503297783434391, -0.02767902798950672, 0.026109658181667328, 0.06348568946123123, -0.0377814918756485, -0.06342007964849472, -0.07103612273931503, -0.09551568329334259, 0.0024511152878403664, -0.054561175405979156, -0.03322846069931984, -0.012113470584154129, -0.020535219460725784, -0.03916342556476593, -0.09391560405492783, -0.006036153994500637, 0.04223502054810524, 0.0863599106669426, 0.0341816283762455, -0.09550070017576218, -0.006795910187065601, 0.024194495752453804, -0.025223329663276672, 0.022557439282536507, 0.03445417806506157, -0.008839894086122513, -0.0647629052400589, 0.0011662307661026716, 0.02259371429681778, 0.010622850619256496, -0.0186137892305851, -0.009450487792491913, -0.05850781500339508, 0.06444143503904343, 0.049196720123291016, 0.05514148995280266, -0.06494522839784622, 0.08185239136219025, -0.03053949400782585, 0.07487562298774719, 0.07023737579584122, -0.020077239722013474, 0.07457846403121948, 0.030974427238106728, -0.023799829185009003, 0.026237761601805687, -0.06323670595884323, 0.056676190346479416, 0.0024060930591076612, -0.045432716608047485, -0.07191724330186844, 0.05254976823925972, -0.013520067557692528, -0.009198954328894615, -0.014046380296349525, 0.03779194876551628, 0.01422636117786169, 0.05053948611021042, 0.10606630891561508, -0.02888832800090313, -0.029461387544870377, 0.07834377139806747, 0.1111636832356453, 0.05223137512803078, -0.0034375295508652925, -0.0055219391360878944, 6.13775773672387e-06, -0.047929443418979645]"
awarded,"[-0.01914229989051819, 0.024001307785511017, 0.04898414388298988, 0.004348204005509615, 0.011476545594632626, -0.05009128153324127, 0.018544118851423264, 0.1318097561597824, -0.07753317803144455, -0.033775605261325836, -0.01491855550557375, -0.10920949280261993, -0.014047788456082344, 0.029175356030464172, 0.03328781574964523, -0.03929489850997925, -0.0009416409302502871, -0.038097597658634186, 0.004115950781852007, -0.07596268504858017, 0.037829410284757614, -0.022630076855421066, 0.08027003705501556, 0.04288768395781517, 0.02110075205564499, -0.02150314673781395, -0.07506100833415985, -0.04616084322333336, -0.04966773837804794, 0.002727275714278221, 0.07557757943868637, -0.05883560702204704, 0.04063742980360985, -0.021314026787877083, 0.032541826367378235, 0.06679186224937439, -0.029216129332780838, -0.05604095384478569, -0.06334608793258667, -0.10007420927286148, 0.010103655979037285, -0.06063438579440117, -0.03651157766580582, -0.013068695552647114, -0.022767499089241028, -0.0405963771045208, -0.08254781365394592, -0.011841499246656895, 0.043407946825027466, 0.09095758944749832, 0.036224525421857834, -0.0959441289305687, -0.0069560459814965725, 0.03607416898012161, -0.019534345716238022, 0.035303447395563126, 0.023680539801716805, -0.016329621896147728, -0.06746673583984375, 0.008791854605078697, 0.023330852389335632, 0.0026657318230718374, -0.029396897181868553, -0.013959472998976707, -0.06992360949516296, 0.06562533974647522, 0.04902845248579979, 0.06793223321437836, -0.07485409826040268, 0.08265458047389984, -0.024765368551015854, 0.07174317538738251, 0.06263922899961472, -0.03685307875275612, 0.060897503048181534, 0.03120516799390316, -0.01594092883169651, 0.018193300813436508, -0.06829239428043365, 0.04426591098308563, -0.00501697463914752, -0.05194134637713432, -0.06153600290417671, 0.050778716802597046, -0.018079955130815506, -0.008491077460348606, -0.01583973318338394, 0.030026955530047417, 0.017321983352303505, 0.039387479424476624, 0.117567278444767, -0.0263434499502182, -0.033596914261579514, 0.06738991290330887, 0.11591837555170059, 0.06286511570215225, 0.007155690807849169, -0.013897127471864223, -0.004927793052047491, -0.05279041826725006]"
participate,"[-0.025351954624056816, 0.008778725750744343, 0.050990134477615356, 0.009442837908864021, -0.007867250591516495, -0.04904266819357872, 0.012122849933803082, 0.14009732007980347, -0.07944401353597641, -0.036900755017995834, -0.019934039562940598, -0.11341261863708496, -0.019245339557528496, 0.038221925497055054, 0.027438044548034668, -0.04327958822250366, 0.0043228669092059135, -0.05035855621099472, 0.016616210341453552, -0.0759468600153923, 0.03079155460000038, -0.02950179949402809, 0.07696003466844559, 0.04167342931032181, 0.022850021719932556, -0.01671244017779827, -0.07006186991930008, -0.05082935839891434, -0.05233487859368324, 0.0014347267569974065, 0.08120832592248917, -0.06421149522066116, 0.04638498276472092, -0.029190661385655403, 0.02412107214331627, 0.06968908756971359, -0.031962454319000244, -0.06348521262407303, -0.07069461047649384, -0.10349865257740021, 0.011541718617081642, -0.06264206022024155, -0.037975240498781204, -0.00612401869148016, -0.016194261610507965, -0.049613043665885925, -0.09789866209030151, -0.009568619541823864, 0.054893456399440765, 0.09333636611700058, 0.03617590665817261, -0.10208422690629959, -0.012729492969810963, 0.03633493930101395, -0.025056125596165657, 0.027368096634745598, 0.019166700541973114, -0.007141765672713518, -0.06760399043560028, -0.0033889231272041798, 0.025447972118854523, 0.008028385229408741, -0.020172202959656715, -0.005804384592920542, -0.07000166177749634, 0.07005341351032257, 0.05086362734436989, 0.06607884168624878, -0.06697437912225723, 0.09395778179168701, -0.017563048750162125, 0.06372784823179245, 0.06762485206127167, -0.027232538908720016, 0.06625959277153015, 0.030638419091701508, -0.01783718727529049, 0.02316846139729023, -0.06703684478998184, 0.06221522018313408, -0.010508994571864605, -0.051602527499198914, -0.0624118410050869, 0.07223644852638245, -0.019567809998989105, -0.009341473691165447, -0.02188253402709961, 0.03114544413983822, 0.020941372960805893, 0.0461013987660408, 0.12532159686088562, -0.024539437144994736, -0.035820361226797104, 0.08053181320428848, 0.11625693738460541, 0.06056482344865799, -0.0007367311045527458, -0.009103362448513508, 0.00021687221305910498, -0.05194339528679848]"
winning,"[-0.026647893711924553, 0.014647001400589943, 0.05544740706682205, 0.010919245891273022, 0.0038552475161850452, -0.05481984466314316, 0.020018167793750763, 0.1333538144826889, -0.0914594978094101, -0.04085258021950722, -0.0218159519135952, -0.11441826820373535, -0.011654880829155445, 0.03897126391530037, 0.027029242366552353, -0.042682480067014694, -0.0037264192942529917, -0.052145086228847504, 0.014824211597442627, -0.08133326470851898, 0.033628903329372406, -0.015576276928186417, 0.08684873580932617, 0.04258088022470474, 0.025143394246697426, -0.015379969030618668, -0.09142008423805237, -0.04895145073533058, -0.05881064757704735, -0.008908617310225964, 0.081922248005867, -0.05711035057902336, 0.06081278994679451, -0.02317444235086441, 0.02259496971964836, 0.06935403496026993, -0.039483025670051575, -0.05034932121634483, -0.07922123372554779, -0.10632171481847763, 0.007565364241600037, -0.04991145804524422, -0.044459011405706406, -0.0008033413905650377, -0.025341469794511795, -0.04113120585680008, -0.10100479423999786, -0.005248253233730793, 0.05040867626667023, 0.0943952277302742, 0.04548311233520508, -0.11084131896495819, -0.005834486335515976, 0.03649558126926422, -0.02665267139673233, 0.01672128401696682, 0.029644200578331947, -0.003399989567697048, -0.05808042362332344, 0.012168055400252342, 0.033482830971479416, 0.006822533439844847, -0.013482717797160149, -0.003974551800638437, -0.07482172548770905, 0.06241578981280327, 0.04152702912688255, 0.06592828780412674, -0.07664856314659119, 0.09563087671995163, -0.02134609781205654, 0.0680292397737503, 0.07281751930713654, -0.03003242239356041, 0.07159102708101273, 0.03413766995072365, -0.023058131337165833, 0.01808747462928295, -0.06045166775584221, 0.05513329431414604, -0.0014403595123440027, -0.04780926555395126, -0.07647615671157837, 0.06456201523542404, -0.016997303813695908, 0.001238148077391088, -0.012168530374765396, 0.02317729778587818, 0.022517265751957893, 0.04473414272069931, 0.1239716038107872, -0.02208363078534603, -0.018951229751110077, 0.0699014738202095, 0.12157850712537766, 0.05436220020055771, 0.009718134999275208, -0.015650082379579544, -0.011837903410196304, -0.05402772128582001]"
